-- phpMyAdmin SQL Dump
-- version 5.0.2
-- https://www.phpmyadmin.net/
--
-- Počítač: localhost:3306
-- Vytvořeno: Pát 19. kvě 2023, 12:35
-- Verze serveru: 10.4.14-MariaDB
-- Verze PHP: 7.2.33

SET SQL_MODE = "NO_AUTO_VALUE_ON_ZERO";
START TRANSACTION;
SET time_zone = "+00:00";


/*!40101 SET @OLD_CHARACTER_SET_CLIENT=@@CHARACTER_SET_CLIENT */;
/*!40101 SET @OLD_CHARACTER_SET_RESULTS=@@CHARACTER_SET_RESULTS */;
/*!40101 SET @OLD_COLLATION_CONNECTION=@@COLLATION_CONNECTION */;
/*!40101 SET NAMES utf8mb4 */;

--
-- Databáze: `eshop`
--

-- --------------------------------------------------------

--
-- Struktura tabulky `categories`
--

CREATE TABLE `categories` (
  `id` int(11) NOT NULL,
  `title` varchar(45) DEFAULT NULL
) ENGINE=InnoDB DEFAULT CHARSET=utf8;

--
-- Vypisuji data pro tabulku `categories`
--

INSERT INTO `categories` (`id`, `title`) VALUES
(0, 'všechno'),
(1, 'Watch'),
(2, 'Phone');

-- --------------------------------------------------------

--
-- Struktura tabulky `items`
--

CREATE TABLE `items` (
  `id` int(11) NOT NULL,
  `title` varchar(255) DEFAULT NULL,
  `description` text DEFAULT NULL,
  `price` float DEFAULT NULL,
  `image` text DEFAULT NULL,
  `category_id` int(11) NOT NULL
) ENGINE=InnoDB DEFAULT CHARSET=utf8;

--
-- Vypisuji data pro tabulku `items`
--

INSERT INTO `items` (`id`, `title`, `description`, `price`, `image`, `category_id`) VALUES
(10, 'iPhone 14 Pro Max', 'Mobilní telefon - 6,7\" OLED 2796 × 1290, 120Hz, procesor Apple A16 Bionic 6jádrový, interní paměť 128 GB, zadní fotoaparát s optickým zoomem 48 Mpx', 1399.99, '84acda64f5bed53b23cf0ee94ed35ea7.jpg', 2),
(11, 'iPhone 13 Mini', 'Mobilní telefon - 5,4\" Super Retina XDR OLED 2340 × 1080, procesor Apple A15 Bionic 6jádrový, RAM 4 GB, interní paměť 128 GB, zadní fotoaparát s optickým zoomem 12 Mpx', 799.99, '7d9ac6d931aff9f9d2ff8d5520e9ecd3.jpg', 2),
(12, 'iPhone 14', 'Mobilní telefon - 6,1\" OLED 2532 × 1170, procesor Apple A15 Bionic 6jádrový, interní paměť 128 GB, zadní fotoaparát s optickým zoomem 12 Mpx', 1059.99, '263e6ac4ba02974eae72b5a7f18bfa78.jpg', 2),
(13, 'Apple Watch Ultra 49mm', 'Chytré hodinky - pro muže i ženy, s ovládáním v češtině, OLED displej, GPS, telefonování s eSIM kartou (číslo stejné s telefonem), NFC platby skrze Apple Pay', 899.99, 'cce3f154d8cc0b84efaaee194c836a18.jpg', 1),
(14, 'Apple Watch Series 8 41mm', 'Chytré hodinky - pro muže i ženy, s ovládáním v češtině, OLED displej, GPS, telefonování z hodinek přes spárovaný telefon (v dosahu Bluetooth), NFC platby skrze Apple Pay', 399.99, '8a001412030f02e8791d90bd66d299c4.jpg', 1),
(16, 'Apple AirPods Pro 2022', 'Bezdrátová sluchátka - s mikrofonem, True Wireless, špunty, uzavřená konstrukce, Bluetooth 5.3, aktivní potlačení hluku (ANC)', 249.99, '0ea27bbe34164605573aac10c3c37ff7.jpg', 0),
(18, 'FIXED Powerstation', 'fdsdasdasdas', 59.99, '5bedba8c425930b3f2e10b07b623e656.jfif', 0);

-- --------------------------------------------------------

--
-- Struktura tabulky `order`
--

CREATE TABLE `order` (
  `id` int(11) NOT NULL,
  `first_name` varchar(45) DEFAULT NULL,
  `last_name` varchar(45) DEFAULT NULL,
  `address` text DEFAULT NULL,
  `address_e` text DEFAULT NULL,
  `country` varchar(45) DEFAULT NULL,
  `zip` varchar(45) DEFAULT NULL,
  `state` text DEFAULT NULL,
  `payment` varchar(45) DEFAULT NULL,
  `user_id` int(11) NOT NULL
) ENGINE=InnoDB DEFAULT CHARSET=utf8;

--
-- Vypisuji data pro tabulku `order`
--

INSERT INTO `order` (`id`, `first_name`, `last_name`, `address`, `address_e`, `country`, `zip`, `state`, `payment`, `user_id`) VALUES
(1, 'Martin', 'Šantavý', 'Polešovice', NULL, 'CZ', '68737', 'czech', 'on', 6),
(2, 'Martin', 'Šantavý', 'Polešovice', NULL, 'CZ', '68737', 'czech', 'on', 6),
(3, 'Martin', 'Šantavý', 'Polešovice', NULL, 'CZ', '68737', 'czech', 'on', 6),
(4, 'Martin', 'Šantavý', 'Polešovice', NULL, 'CZ', '68737', 'czech', 'on', 6),
(5, 'Marek', 'Admin', 'Sadová 978', NULL, 'CZ', '68605', 'Zlínský Kraj', 'on', 6),
(6, 'Mettlo', 'Pettlo', 'Uherske hradiste 1352', NULL, 'CZ', '68601', 'czech', 'on', 7);

-- --------------------------------------------------------

--
-- Struktura tabulky `order_has_items`
--

CREATE TABLE `order_has_items` (
  `id` int(11) NOT NULL,
  `title` varchar(45) DEFAULT NULL,
  `order_id` int(11) NOT NULL,
  `item_id` int(11) NOT NULL,
  `price` float NOT NULL
) ENGINE=InnoDB DEFAULT CHARSET=utf8;

--
-- Vypisuji data pro tabulku `order_has_items`
--

INSERT INTO `order_has_items` (`id`, `title`, `order_id`, `item_id`, `price`) VALUES
(1, 'Apple Watch', 3, 1, 60.05),
(2, 'iPhone 13 Mini', 4, 11, 799.99),
(3, 'iPhone 13 Mini', 5, 11, 799.99),
(4, 'iPhone 13 Mini', 6, 11, 799.99);

-- --------------------------------------------------------

--
-- Struktura tabulky `pages`
--

CREATE TABLE `pages` (
  `id` int(11) NOT NULL,
  `title` varchar(45) DEFAULT NULL,
  `content` blob DEFAULT NULL,
  `created` timestamp NULL DEFAULT NULL
) ENGINE=InnoDB DEFAULT CHARSET=utf8;

-- --------------------------------------------------------

--
-- Struktura tabulky `sessions`
--

CREATE TABLE `sessions` (
  `id` int(11) NOT NULL,
  `ip_address` varchar(45) DEFAULT NULL,
  `timestamp` int(11) DEFAULT NULL,
  `data` blob DEFAULT NULL
) ENGINE=InnoDB DEFAULT CHARSET=utf8;

--
-- Vypisuji data pro tabulku `sessions`
--

INSERT INTO `sessions` (`id`, `ip_address`, `timestamp`, `data`) VALUES
(0, '::1', 1684491499, 0x5f5f63695f6c6173745f726567656e65726174657c693a313638343439313336303b6c6576656c7c693a303b636172747c613a313a7b693a303b733a323a223131223b7d6c6f676765647c623a313b757365725f69647c693a373b656d61696c7c733a31353a224c756b617340676d61696c2e636f6d223b66697273745f6e616d657c733a373a224c756bc3a1c5a1223b6c6173745f6e616d657c733a373a224761627269656c223b),
(1, '::1', 1683471832, 0x5f5f63695f6c6173745f726567656e65726174657c693a313638333437313833323b6c6576656c7c4e3b6c6f676765647c623a313b757365725f69647c733a313a2233223b656d61696c7c733a373a226140612e636f6d223b66697273745f6e616d657c733a363a224d617274696e223b6c6173745f6e616d657c733a393a22c5a0616e746176c3bd223b),
(2, '::1', 1683832071, 0x5f5f63695f6c6173745f726567656e65726174657c693a313638333833323037313b6c6576656c7c733a313a2231223b636172747c613a303a7b7d6c6f676765647c623a313b757365725f69647c733a313a2236223b656d61696c7c733a31313a22737340656d61696c2e637a223b66697273745f6e616d657c733a353a22486166616e223b6c6173745f6e616d657c733a393a22c5a0616e746176c3bd223b),
(3, '::1', 1683730902, 0x5f5f63695f6c6173745f726567656e65726174657c693a313638333733303636353b6c6576656c7c4e3b6c6f676765647c623a313b757365725f69647c733a313a2233223b656d61696c7c733a373a226140612e636f6d223b66697273745f6e616d657c733a363a224d617274696e223b6c6173745f6e616d657c733a393a22c5a0616e746176c3bd223b),
(4, '::1', 1683466098, 0x5f5f63695f6c6173745f726567656e65726174657c693a313638333436363039383b6c6576656c7c693a303b6c6f676765647c623a313b757365725f69647c693a343b656d61696c7c733a32333a22627566667967616d657333353340676d61696c2e636f6d223b66697273745f6e616d657c733a363a224d617274696e223b6c6173745f6e616d657c733a393a22c5a0616e746176c3bd223b),
(5, '::1', 1684479485, 0x5f5f63695f6c6173745f726567656e65726174657c693a313638343437393438353b6c6576656c7c733a313a2231223b636172747c613a303a7b7d6c6f676765647c623a313b757365725f69647c733a313a2236223b656d61696c7c733a31313a22737340656d61696c2e637a223b66697273745f6e616d657c733a353a22486166616e223b6c6173745f6e616d657c733a393a22c5a0616e746176c3bd223b),
(6, '::1', 1683534846, 0x5f5f63695f6c6173745f726567656e65726174657c693a313638333533343834363b6c6576656c7c4e3b6c6f676765647c623a313b757365725f69647c733a313a2233223b656d61696c7c733a373a226140612e636f6d223b66697273745f6e616d657c733a363a224d617274696e223b6c6173745f6e616d657c733a393a22c5a0616e746176c3bd223b),
(7, '::1', 1683813642, 0x5f5f63695f6c6173745f726567656e65726174657c693a313638333831333634323b6c6576656c7c4e3b6c6f676765647c623a313b757365725f69647c733a313a2233223b656d61696c7c733a373a226140612e636f6d223b66697273745f6e616d657c733a363a224d617274696e223b6c6173745f6e616d657c733a393a22c5a0616e746176c3bd223b),
(8, '::1', 1683472184, 0x5f5f63695f6c6173745f726567656e65726174657c693a313638333437323138343b6c6576656c7c4e3b),
(9, '::1', 1683873173, 0x5f5f63695f6c6173745f726567656e65726174657c693a313638333837333039323b6c6576656c7c733a313a2231223b636172747c613a313a7b693a323b733a313a2231223b7d6c6f676765647c623a313b757365725f69647c733a313a2236223b656d61696c7c733a31313a22737340656d61696c2e637a223b66697273745f6e616d657c733a353a22486166616e223b6c6173745f6e616d657c733a393a22c5a0616e746176c3bd223b),
(23, '::1', 1683730665, 0x5f5f63695f6c6173745f726567656e65726174657c693a313638333733303636353b6c6576656c7c4e3b6c6f676765647c623a313b757365725f69647c733a313a2233223b656d61696c7c733a373a226140612e636f6d223b66697273745f6e616d657c733a363a224d617274696e223b6c6173745f6e616d657c733a393a22c5a0616e746176c3bd223b),
(43, '::1', 1683474239, 0x5f5f63695f6c6173745f726567656e65726174657c693a313638333437343233393b6c6576656c7c4e3b6c6f676765647c623a313b757365725f69647c733a313a2233223b656d61696c7c733a373a226140612e636f6d223b66697273745f6e616d657c733a363a224d617274696e223b6c6173745f6e616d657c733a393a22c5a0616e746176c3bd223b),
(50, '::1', 1683815682, 0x5f5f63695f6c6173745f726567656e65726174657c693a313638333831353638323b6c6576656c7c4e3b636172647c613a303a7b7d6c6f676765647c623a313b757365725f69647c733a313a2236223b656d61696c7c733a31313a22737340656d61696c2e637a223b66697273745f6e616d657c733a363a224d617274696e223b6c6173745f6e616d657c733a393a22c5a0616e746176c3bd223b),
(62, '::1', 1683543496, 0x5f5f63695f6c6173745f726567656e65726174657c693a313638333534333438343b6c6576656c7c4e3b6c6f676765647c623a313b757365725f69647c733a313a2233223b656d61696c7c733a373a226140612e636f6d223b66697273745f6e616d657c733a363a224d617274696e223b6c6173745f6e616d657c733a393a22c5a0616e746176c3bd223b),
(64, '::1', 1683459207, 0x5f5f63695f6c6173745f726567656e65726174657c693a313638333435393230373b),
(139, '::1', 1683831715, 0x5f5f63695f6c6173745f726567656e65726174657c693a313638333833313731353b6c6576656c7c733a313a2231223b636172647c613a333a7b693a303b733a313a2237223b693a313b733a313a2235223b693a323b733a313a2237223b7d6c6f676765647c623a313b757365725f69647c733a313a2236223b656d61696c7c733a31313a22737340656d61696c2e637a223b66697273745f6e616d657c733a353a22486166616e223b6c6173745f6e616d657c733a393a22c5a0616e746176c3bd223b636172747c613a303a7b7d),
(520, '::1', 1683461628, 0x5f5f63695f6c6173745f726567656e65726174657c693a313638333436313632383b),
(809, '::1', 1683826520, 0x5f5f63695f6c6173745f726567656e65726174657c693a313638333832363532303b6c6576656c7c733a313a2231223b636172647c613a333a7b693a303b733a313a2237223b693a313b733a313a2235223b693a323b733a313a2237223b7d6c6f676765647c623a313b757365725f69647c733a313a2236223b656d61696c7c733a31313a22737340656d61696c2e637a223b66697273745f6e616d657c733a353a22486166616e223b6c6173745f6e616d657c733a393a22c5a0616e746176c3bd223b),
(7294, '::1', 1683873092, 0x5f5f63695f6c6173745f726567656e65726174657c693a313638333837333039323b6c6576656c7c733a313a2231223b636172747c613a313a7b693a323b733a313a2231223b7d6c6f676765647c623a313b757365725f69647c733a313a2236223b656d61696c7c733a31313a22737340656d61696c2e637a223b66697273745f6e616d657c733a353a22486166616e223b6c6173745f6e616d657c733a393a22c5a0616e746176c3bd223b),
(39092, '::1', 1683831411, 0x5f5f63695f6c6173745f726567656e65726174657c693a313638333833313431313b6c6576656c7c733a313a2231223b636172647c613a333a7b693a303b733a313a2237223b693a313b733a313a2235223b693a323b733a313a2237223b7d6c6f676765647c623a313b757365725f69647c733a313a2236223b656d61696c7c733a31313a22737340656d61696c2e637a223b66697273745f6e616d657c733a353a22486166616e223b6c6173745f6e616d657c733a393a22c5a0616e746176c3bd223b636172747c613a313a7b693a303b733a313a2232223b7d),
(300000, '::1', 1683534510, 0x5f5f63695f6c6173745f726567656e65726174657c693a313638333533343531303b6c6576656c7c4e3b6c6f676765647c623a313b757365725f69647c733a313a2233223b656d61696c7c733a373a226140612e636f6d223b66697273745f6e616d657c733a363a224d617274696e223b6c6173745f6e616d657c733a393a22c5a0616e746176c3bd223b),
(2147483647, '::1', 1683831715, 0x5f5f63695f6c6173745f726567656e65726174657c693a313638333833313731353b6c6576656c7c733a313a2231223b636172647c613a333a7b693a303b733a313a2237223b693a313b733a313a2235223b693a323b733a313a2237223b7d6c6f676765647c623a313b757365725f69647c733a313a2236223b656d61696c7c733a31313a22737340656d61696c2e637a223b66697273745f6e616d657c733a353a22486166616e223b6c6173745f6e616d657c733a393a22c5a0616e746176c3bd223b636172747c613a303a7b7d);

-- --------------------------------------------------------

--
-- Struktura tabulky `users`
--

CREATE TABLE `users` (
  `id` int(11) NOT NULL,
  `email` varchar(45) DEFAULT NULL,
  `password` text DEFAULT NULL,
  `first_name` varchar(45) DEFAULT NULL,
  `last_name` varchar(45) DEFAULT NULL,
  `level` int(4) DEFAULT NULL
) ENGINE=InnoDB DEFAULT CHARSET=utf8;

--
-- Vypisuji data pro tabulku `users`
--

INSERT INTO `users` (`id`, `email`, `password`, `first_name`, `last_name`, `level`) VALUES
(1, 'martin.santavy@email.cz', 'e2301e566912bd009d34581f0fa01c14', 'Tomáš', 'Dalajka', 0),
(2, 'admin@admin.com', 'f745294cdd965d8a824f36adccee1c6d', 'Martin', 'Šantavý', 0),
(3, 'a@a.com', '5dc9576aba14b127b018d70ccc2da5e6', 'Martin', 'Šantavý', 0),
(4, 'buffygames353@gmail.com', '5dc9576aba14b127b018d70ccc2da5e6', 'Martin', 'Šantavý', 2),
(5, 'mettle353@gmail.com', 'aaa4abdbb48f272e7e47cce326a16e88', 'Martin', 'Šantavý', 1),
(6, 'ss@email.cz', 'aaa4abdbb48f272e7e47cce326a16e88', 'Hafan', 'Šantavý', 1),
(7, 'Lukas@gmail.com', 'd93a5def7511da3d0f2d171d9c344e91', 'Lukáš', 'Gabriel', NULL);

--
-- Klíče pro exportované tabulky
--

--
-- Klíče pro tabulku `categories`
--
ALTER TABLE `categories`
  ADD PRIMARY KEY (`id`);

--
-- Klíče pro tabulku `items`
--
ALTER TABLE `items`
  ADD PRIMARY KEY (`id`);

--
-- Klíče pro tabulku `order`
--
ALTER TABLE `order`
  ADD PRIMARY KEY (`id`);

--
-- Klíče pro tabulku `order_has_items`
--
ALTER TABLE `order_has_items`
  ADD PRIMARY KEY (`id`);

--
-- Klíče pro tabulku `pages`
--
ALTER TABLE `pages`
  ADD PRIMARY KEY (`id`);

--
-- Klíče pro tabulku `sessions`
--
ALTER TABLE `sessions`
  ADD PRIMARY KEY (`id`);

--
-- Klíče pro tabulku `users`
--
ALTER TABLE `users`
  ADD PRIMARY KEY (`id`);

--
-- AUTO_INCREMENT pro tabulky
--

--
-- AUTO_INCREMENT pro tabulku `items`
--
ALTER TABLE `items`
  MODIFY `id` int(11) NOT NULL AUTO_INCREMENT, AUTO_INCREMENT=20;

--
-- AUTO_INCREMENT pro tabulku `order`
--
ALTER TABLE `order`
  MODIFY `id` int(11) NOT NULL AUTO_INCREMENT, AUTO_INCREMENT=7;

--
-- AUTO_INCREMENT pro tabulku `order_has_items`
--
ALTER TABLE `order_has_items`
  MODIFY `id` int(11) NOT NULL AUTO_INCREMENT, AUTO_INCREMENT=5;

--
-- AUTO_INCREMENT pro tabulku `users`
--
ALTER TABLE `users`
  MODIFY `id` int(11) NOT NULL AUTO_INCREMENT, AUTO_INCREMENT=8;
COMMIT;

/*!40101 SET CHARACTER_SET_CLIENT=@OLD_CHARACTER_SET_CLIENT */;
/*!40101 SET CHARACTER_SET_RESULTS=@OLD_CHARACTER_SET_RESULTS */;
/*!40101 SET COLLATION_CONNECTION=@OLD_COLLATION_CONNECTION */;
